id;c_name;c_email;c_phone;c_content;c_not_active
1;Neck;Music Home Loan Account Wooden;fuchsia;../fake-data/blob/hipster.txt;false
2;Albania;compressing maximized;XML Baby Sports;../fake-data/blob/hipster.txt;false
3;Jewelery system;indexing Rand Loti;withdrawal;../fake-data/blob/hipster.txt;true
4;bandwidth De-engineered Regional;Macao;Saint Kitts and Nevis Practical;../fake-data/blob/hipster.txt;false
5;Soft USB Spur;dynamic Director;Barbados Dollar;../fake-data/blob/hipster.txt;true
6;Soft;white payment Handcrafted;Portugal Buckinghamshire Avon;../fake-data/blob/hipster.txt;true
7;Security;Auto Loan Account Argentina;invoice;../fake-data/blob/hipster.txt;true
8;Corporate EXE;Lake hack Rhode Island;Auto Loan Account Health;../fake-data/blob/hipster.txt;false
9;Quality-focused expedite;Sleek Soft Ball orchid monitor;budgetary management web services;../fake-data/blob/hipster.txt;true
10;Analyst compress Avon;metrics;Green PCI Mountains;../fake-data/blob/hipster.txt;false
