id;u_fore_name;u_sor_name;u_phone;u_email
1;Wisconsin Metal;Auto Loan Account visionary;Unbranded;Practical Plastic Chicken Associate pink
2;grid-enabled panel;rich;Baby;UIC-Franc hack IB
3;transmitter Kids;Buckinghamshire Practical Rubber Table Maine;Savings Account knowledge base;iterate Soft yellow
4;Sleek Gorgeous Soft Chicken hacking;Ergonomic Wooden Car Practical Towels;pricing structure Global synergistic;Exclusive
5;e-services Money Market Account;Bond Markets Units European Composite Unit (EURCO);Architect Fundamental XSS;Knolls Table strategic
6;parallelism Philippine Peso Checking Account;strategic microchip approach;Riel;Kids Tasty Soft Chair deliverables
7;Accountability bluetooth Hawaii;intranet system;payment Wooden;capacity Steel capacity
8;attitude Licensed monitor;Games;Small migration;sky blue
9;red solutions;Sleek;Washington Mobility;Drives Chad
10;utilize needs-based Fantastic;engineer;User-centric 1080p Bedfordshire;California Licensed Cotton Chicken Customer
