id;h_name;h_email;h_content;h_not_active
1;Tasty Frozen Fish Malaysia Fantastic Frozen Tuna;Street Music;../fake-data/blob/hipster.txt;true
2;Saint Kitts and Nevis;innovative quantify Savings Account;../fake-data/blob/hipster.txt;true
3;Concrete Accountability systemic;communities Seamless;../fake-data/blob/hipster.txt;false
4;scale Response Horizontal;North Dakota;../fake-data/blob/hipster.txt;false
5;USB;Practical Plastic Chips Planner Ville;../fake-data/blob/hipster.txt;false
6;hacking port 24/7;open-source;../fake-data/blob/hipster.txt;false
7;ability cyan;Senior;../fake-data/blob/hipster.txt;false
8;Ergonomic Concrete Chair Executive deposit;regional target New York;../fake-data/blob/hipster.txt;true
9;Research;Functionality Fantastic Rubber Chicken;../fake-data/blob/hipster.txt;false
10;Berkshire;solution-oriented;../fake-data/blob/hipster.txt;true
